process	set	sigma_pb	error_pb	nevents
p p > w+ w-	off	68.07	0.1521	5000
p p > w+ w-	on	69.47	0.196	5000
p p > w+ z	off	15.58	0.0587	5000
p p > w+ z	on	15.82	0.05991	5000
p p > w- z	off	9.492	0.03132	5000
p p > w- z	on	9.641	0.03333	5000
p p > z z	off	9.388	0.02988	5000
p p > z z	on	9.344	0.02379	5000
p p > w+ w-	cls1	68.05	0.1188	5000
p p > w+ w-	cls2	67.95	0.1453	5000
p p > w+ w-	cls3	68.37	0.1231	5000
p p > w+ w-	cls4	68.12	0.12	5000
p p > w+ w-	cls5	68.01	0.126	5000
p p > w+ w-	cls6	68.73	0.1384	5000
p p > w+ w-	cls7	68.05	0.1286	5000
p p > w+ w-	cls8	68.23	0.1316	5000
p p > w+ w-	cls9	67.89	0.127	5000
p p > w+ w-	cls10	68.02	0.1199	5000
p p > w+ w-	cls11	67.85	0.1411	5000
p p > w+ w-	cls12	68.05	0.1405	5000
p p > w+ w-	cls13	68.34	0.1802	5000
p p > w+ w-	cls14	67.92	0.1497	5000
p p > w+ w-	cls15	68.01	0.1234	5000
p p > w+ w-	cls16	68.11	0.1308	5000
p p > w+ w-	cls17	68.02	0.1423	5000
p p > w+ w-	cls18	67.93	0.1277	5000
p p > w+ w-	cls19	67.97	0.155	5000
p p > w+ w-	cls20	68.12	0.14	5000
p p > w+ w-	cls21	68.08	0.1148	5000
p p > w+ z	cls1	15.61	0.05276	5000
p p > w+ z	cls2	15.56	0.05295	5000
p p > w+ z	cls3	15.73	0.06271	5000
p p > w+ z	cls4	15.76	0.05752	5000
p p > w+ z	cls5	15.64	0.06264	5000
p p > w+ z	cls6	15.76	0.0543	5000
p p > w+ z	cls7	15.8	0.04984	5000
p p > w+ z	cls8	15.62	0.0531	5000
p p > w+ z	cls9	15.66	0.04679	5000
p p > w+ z	cls10	15.76	0.05776	5000
p p > w+ z	cls11	15.62	0.05971	5000
p p > w+ z	cls12	15.69	0.06293	5000
p p > w+ z	cls13	15.72	0.05885	5000
p p > w+ z	cls14	15.66	0.05513	5000
p p > w+ z	cls15	15.63	0.05196	5000
p p > w+ z	cls16	15.68	0.05609	5000
p p > w+ z	cls17	15.68	0.04515	5000
p p > w+ z	cls18	15.53	0.04834	5000
p p > w+ z	cls19	15.74	0.05782	5000
p p > w+ z	cls20	15.68	0.04833	5000
p p > w+ z	cls21	15.6	0.03676	5000
p p > w- z	cls1	9.485	0.03007	5000
p p > w- z	cls2	9.5	0.03156	5000
p p > w- z	cls3	9.547	0.03561	5000
p p > w- z	cls4	9.537	0.03102	5000
p p > w- z	cls5	9.522	0.04304	5000
p p > w- z	cls6	9.59	0.03137	5000
p p > w- z	cls7	9.531	0.02444	5000
p p > w- z	cls8	9.492	0.02825	5000
p p > w- z	cls9	9.57	0.03343	5000
p p > w- z	cls10	9.527	0.03186	5000
p p > w- z	cls11	9.5	0.0337	5000
p p > w- z	cls12	9.532	0.03122	5000
p p > w- z	cls13	9.591	0.02461	5000
p p > w- z	cls14	9.501	0.03339	5000
p p > w- z	cls15	9.467	0.03753	5000
p p > w- z	cls16	9.516	0.03341	5000
p p > w- z	cls17	9.582	0.02401	5000
p p > w- z	cls18	9.446	0.03315	5000
p p > w- z	cls19	9.544	0.02995	5000
p p > w- z	cls20	9.502	0.03461	5000
p p > w- z	cls21	9.489	0.02534	5000
p p > z z	cls1	9.409	0.02538	5000
p p > z z	cls2	9.414	0.03077	5000
p p > z z	cls3	9.399	0.02564	5000
p p > z z	cls4	9.391	0.02195	5000
p p > z z	cls5	9.383	0.02689	5000
p p > z z	cls6	9.378	0.03161	5000
p p > z z	cls7	9.375	0.02326	5000
p p > z z	cls8	9.377	0.02423	5000
p p > z z	cls9	9.339	0.02768	5000
p p > z z	cls10	9.382	0.02438	5000
p p > z z	cls11	9.405	0.02726	5000
p p > z z	cls12	9.368	0.02239	5000
p p > z z	cls13	9.417	0.04192	5000
p p > z z	cls14	9.305	0.03718	5000
p p > z z	cls15	9.399	0.02772	5000
p p > z z	cls16	9.394	0.02522	5000
p p > z z	cls17	9.364	0.03238	5000
p p > z z	cls18	9.392	0.02519	5000
p p > z z	cls19	9.326	0.03647	5000
p p > z z	cls20	9.39	0.0282	5000
p p > z z	cls21	9.403	0.02656	5000
