low_GeV	high_GeV	SM	cls14 int	cls6 int	cls3 int	cls14 sq
0	100	0	0	0	0	0
100	200	1.55179	-0.00477121	-0.0135301	-0.00839127	0
200	300	7.6686	-0.0629204	-0.0692926	-0.0464206	0
300	400	3.15656	-0.0933369	-0.0289649	-0.0192647	0
400	500	1.5144	-0.0978099	-0.0140884	-0.00852093	0
500	600	0.682415	-0.080216	-0.00637097	-0.00385294	0.163604
600	700	0.405086	-0.084689	-0.00413785	-0.00272299	0
700	800	0.221239	-0.0852854	-0.00206892	-0.00129666	0.163604
800	900	0.13399	-0.0739538	-0.0011494	-0.000629808	0.490811
900	1000	0.0903654	-0.0679898	-0.000722482	-0.000537189	0.490811
1000	1100	0.0373926	-0.0781286	-0.000525441	-0.000203761	0.981623
1100	1200	0.0218123	-0.0566582	-0.000262721	-0.00014819	0.327208
1200	1300	0.0186963	-0.0492031	-0.000361241	-0.00014819	0.818019
1300	1400	0.0186963	-0.0408535	-0.00013136	-5.55713e-05	0.981623
1400	1500	0.0280444	-0.0420463	-6.56801e-05	-0.000111143	1.30883
1500	1600	0.0062321	-0.0381697	-6.56801e-05	-3.70475e-05	1.14523
1600	1700	0	-0.0366787	0	-3.70475e-05	2.12685
1700	1800	0.0155802	-0.0304165	-3.28401e-05	-9.26189e-05	2.29045
1800	1900	0	-0.0256453	-3.28401e-05	-5.55713e-05	1.96325
1900	2000	0.00311605	-0.0259435	-3.28401e-05	-1.85238e-05	2.29045
2000	2100	0.00311605	-0.0253471	0	0	1.79964
2100	2200	0	-0.0184884	-3.28401e-05	-1.85238e-05	2.12685
2200	2300	0	-0.0214705	-3.28401e-05	-1.85238e-05	2.94487
2300	2400	0	-0.01491	-3.28401e-05	0	2.94487
2400	2500	0	-0.0155064	0	0	4.2537
2500	2600	0	-0.016401	0	0	3.92649
2600	2700	0	-0.011928	0	0	3.43568
2700	2800	0.00311605	-0.0125244	0	0	3.59928
2800	2900	0	-0.00984063	0	0	4.2537
2900	3000	0	-0.00894602	0	0	3.27208
3000	3100	0	-0.00626222	0	0	3.43568
3100	3200	0	-0.00984063	0	0	4.2537
3200	3300	0	-0.00715682	0	0	3.76289
3300	3400	0	-0.00477121	0	0	5.72613
3400	3500	0	-0.00477121	0	0	3.92649
3500	3600	0	-0.00387661	0	0	6.21694
3600	3700	0	-0.00387661	0	0	3.43568
3700	3800	0	-0.00506941	0	0	4.2537
3800	3900	0	-0.00298201	0	0	4.4173
3900	4000	0	-0.00208741	0	0	4.0901
4000	4100	0	-0.000596402	0	0	4.2537
4100	4200	0	-0.0011928	0	0	4.58091
4200	4300	0	-0.0011928	0	0	4.90811
4300	4400	0	-0.000894602	0	0	4.74451
4400	4500	0	-0.0011928	0	0	3.27208
4500	4600	0	-0.000298201	0	0	3.10847
4600	4700	0	-0.0011928	0	0	4.90811
4700	4800	0	-0.000596402	0	0	3.27208
4800	4900	0	-0.001491	0	0	2.94487
4900	5000	0	-0.000298201	0	0	3.59928
5000	5100	0	-0.000894602	0	0	2.45406
5100	5200	0	-0.00208741	0	0	1.96325
5200	5300	0	-0.000596402	0	0	2.12685
5300	5400	0	-0.000894602	0	0	2.29045
5400	5500	0	-0.000298201	0	0	2.78126
5500	5600	0	-0.000596402	0	0	1.63604
5600	5700	0	-0.000596402	0	0	1.30883
5700	5800	0	-0.000298201	0	0	1.63604
5800	5900	0	0	0	0	0.654415
5900	6000	0	-0.000596402	0	0	15.5424
