low_GeV	high_GeV	SM	int	sq
0	100	0	0	0
100	200	22.0001	-0.648228	0
200	300	29.5287	-0.866579	0
300	400	9.35279	-0.383088	0.797825
400	500	3.25373	-0.240771	5.58478
500	600	1.68813	-0.195931	3.98913
600	700	0.762381	-0.165712	17.5522
700	800	0.571786	-0.168637	27.1261
800	900	0.299507	-0.136469	22.3391
900	1000	0.163367	-0.126721	47.0717
1000	1100	0.149753	-0.107226	47.0717
1100	1200	0.0680698	-0.092604	74.1977
1200	1300	0.0408419	-0.117948	79.7825
1300	1400	0.0408419	-0.0740832	83.7716
1400	1500	0.0544558	-0.0789571	79.7825
1500	1600	0.013614	-0.057512	88.5586
1600	1700	0	-0.0458146	114.887
1700	1800	0.0272279	-0.0545876	115.685
1800	1900	0	-0.048739	120.472
1900	2000	0.013614	-0.0331425	96.5368
2000	2100	0	-0.0370416	104.515
2100	2200	0	-0.0321677	121.269
2200	2300	0	-0.026319	124.461
2300	2400	0.013614	-0.0292434	133.237
2400	2500	0	-0.0253443	119.674
2500	2600	0.0272279	-0.0185208	133.237
2600	2700	0	-0.0292434	128.45
2700	2800	0	-0.0165712	130.045
2800	2900	0	-0.0233947	125.259
2900	3000	0	-0.0107226	141.215
3000	3100	0	-0.0165712	125.259
3100	3200	0	-0.0126721	99.7281
3200	3300	0	-0.0165712	106.909
3300	3400	0	-0.00779823	92.5477
3400	3500	0	-0.00194956	104.515
3500	3600	0	-0.00389912	88.5586
3600	3700	0	-0.00584868	89.3564
3700	3800	0	-0.00779823	79.7825
3800	3900	0	-0.00389912	82.176
3900	4000	0	-0.0048739	72.6021
4000	4100	0	-0.00292434	65.4217
4100	4200	0	-0.00292434	76.5912
4200	4300	0	-0.00292434	46.2739
4300	4400	0	-0.00194956	63.826
4400	4500	0	-0.00389912	64.6238
4500	4600	0	-0.00194956	39.8913
4600	4700	0	0.000974779	41.4869
4700	4800	0	-0.000974779	31.913
4800	4900	0	0	46.2739
4900	5000	0	-0.00292434	32.7108
5000	5100	0	0.000974779	25.5304
5100	5200	0	-0.00292434	27.9239
5200	5300	0	0.000974779	23.9348
5300	5400	0	-0.00292434	27.1261
5400	5500	0	0	12.7652
5500	5600	0	-0.00389912	18.35
5600	5700	0	0	11.1696
5700	5800	0	0	16.7543
5800	5900	0	0	7.18043
5900	6000	0	0	81.3782
