low_GeV	high_GeV	SM	cls14 int	cls6 int	cls3 int	cls13 int	cls14 sq
0	50	5.13149	-0.0226929	-0.0345916	-0.0336515	-0.0298001	0
50	100	3.14686	-0.0478238	-0.020568	-0.0199486	-0.0172757	0
100	150	0.769818	-0.0491366	-0.00500943	-0.00499662	-0.0041164	0.00881031
150	200	0.208414	-0.0454795	-0.00133957	-0.00118607	-0.00116047	0.00881031
200	250	0.0657161	-0.0421037	-0.000558154	-0.000618269	-0.000656872	0.0146838
250	300	0.0356745	-0.0336642	-0.0001814	-0.00027759	-0.000437914	0.0293677
300	350	0.0244089	-0.0343206	-8.3723e-05	-7.57064e-05	0	0.0499251
350	400	0	-0.0267251	-2.79077e-05	-1.26177e-05	-4.37914e-05	0.0675457
400	450	0.0018776	-0.0210987	-6.97692e-05	-1.26177e-05	-2.18957e-05	0.076356
450	500	0.00375521	-0.0195984	-1.39538e-05	-3.78532e-05	-4.37914e-05	0.123344
500	550	0	-0.0169728	-1.39538e-05	-1.26177e-05	-6.56872e-05	0.149775
550	600	0	-0.0136907	0	0	0	0.202637
600	650	0	-0.0129406	0	0	0	0.208511
650	700	0	-0.00956476	0	-1.26177e-05	-2.18957e-05	0.240815
700	750	0	-0.0100336	0	0	0	0.252562
750	800	0	-0.00890835	0	0	0	0.249625
800	850	0	-0.00647028	0	0	0	0.317171
850	900	0	-0.00609519	0	0	0	0.364159
900	950	0	-0.00609519	0	0	0	0.346539
950	1000	0	-0.00496992	0	0	0	0.425831
1000	1050	0	-0.00309448	0	0	0	0.367096
1050	1100	0	-0.00468861	0	0	0	0.384717
1100	1150	0	-0.00365711	0	0	0	0.384717
1150	1200	0	-0.00262562	0	0	0	0.367096
1200	1250	0	-0.00206299	0	0	0	0.466946
1250	1300	0	-0.00206299	0	0	0	0.434642
1300	1350	0	-0.00103149	0	0	0	0.396464
1350	1400	0	-0.00103149	0	0	0	0.446389
1400	1450	0	-0.00131281	0	0	0	0.411148
1450	1500	0	-0.000937721	0	0	0	0.431705
1500	1550	0	-0.000656405	0	0	0	0.419958
1550	1600	0	-0.000656405	0	0	0	0.405274
1600	1650	0	-0.000468861	0	0	0	0.414084
1650	1700	0	-0.000656405	0	0	0	0.396464
1700	1750	0	-0.000375089	0	0	0	0.325981
1750	1800	0	-0.000468861	0	0	0	0.402337
1800	1850	0	-0.000281316	0	0	0	0.287803
1850	1900	0	-0.000468861	0	0	0	0.343602
1900	1950	0	-9.37721e-05	0	0	0	0.29955
1950	2000	0	-0.000187544	0	0	0	0.278993
2000	2050	0	-0.000375089	0	0	0	0.252562
2050	2100	0	-0.000187544	0	0	0	0.258436
2100	2150	0	-0.000281316	0	0	0	0.246689
2150	2200	0	0	0	0	0	0.240815
2200	2250	0	-9.37721e-05	0	0	0	0.226131
2250	2300	0	0	0	0	0	0.246689
2300	2350	0	0	0	0	0	0.18208
2350	2400	0	-9.37721e-05	0	0	0	0.202637
2400	2450	0	0	0	0	0	0.167396
2450	2500	0	-9.37721e-05	0	0	0	0.152712
2500	2550	0	0	0	0	0	0.126281
2550	2600	0	0	0	0	0	0.152712
2600	2650	0	-9.37721e-05	0	0	0	0.152712
2650	2700	0	0	0	0	0	0.123344
2700	2750	0	-9.37721e-05	0	0	0	0.126281
2750	2800	0	0	0	0	0	0.0792928
2800	2850	0	0	0	0	0	0.0998501
2850	2900	0	0	0	0	0	0.0939766
2900	2950	0	0	0	0	0	0.0969134
2950	3000	0	-9.37721e-05	0	0	0	0.654899
